{
    "dataset": "redial",
    "format": 4,
    "recommendation_only": true,
    "conversations": 50,
    "instances": 147,
    "skipped_conversations": 0,
    "skipped_instances": 0,
    "reranker_fallbacks": 0,
    "recommendation": {
        "Recall@1": 0.07482993197278912,
        "Recall@10": 0.19727891156462585,
        "Recall@50": 0.3469387755102041,
        "MRR": 0.11054713108924412,
        "Reranker@1": 0.10204081632653061
    },
    "conversation": {}
}