{
    "dataset": "redial",
    "format": 2,
    "recommendation_only": true,
    "conversations": 50,
    "instances": 147,
    "skipped_conversations": 0,
    "skipped_instances": 0,
    "reranker_fallbacks": 0,
    "recommendation": {
        "Recall@1": 0.07482993197278912,
        "Recall@10": 0.2108843537414966,
        "Recall@50": 0.3401360544217687,
        "MRR": 0.10947148209174347,
        "Reranker@1": 0.09523809523809523
    },
    "conversation": {}
}