{
    "dataset": "redial",
    "format": 1,
    "recommendation_only": true,
    "conversations": 50,
    "instances": 147,
    "skipped_conversations": 0,
    "skipped_instances": 0,
    "reranker_fallbacks": 1,
    "recommendation": {
        "Recall@1": 0.07482993197278912,
        "Recall@10": 0.20408163265306123,
        "Recall@50": 0.3333333333333333,
        "MRR": 0.11233432436273526,
        "Reranker@1": 0.11564625850340136
    },
    "conversation": {}
}